date_id,full_date,year,month,quarter,day_of_week,is_weekend,is_month_end,week_number
20230101,01/01/2023,2023,January,Q1,Sunday,TRUE,FALSE,
20230102,01/02/2023,2023,January,Q1,Monday,FALSE,FALSE,
20230103,01/03/2023,2023,January,Q1,Tuesday,FALSE,FALSE,
20230104,01/04/2023,2023,January,Q1,Wednesday,FALSE,FALSE,
20230105,01/05/2023,2023,January,Q1,Thursday,FALSE,FALSE,
20230106,01/06/2023,2023,January,Q1,Friday,FALSE,FALSE,
20230107,01/07/2023,2023,January,Q1,Saturday,TRUE,FALSE,
20230108,01/08/2023,2023,January,Q1,Sunday,TRUE,FALSE,
20230109,01/09/2023,2023,January,Q1,Monday,FALSE,FALSE,
20230110,01/10/2023,2023,January,Q1,Tuesday,FALSE,FALSE,
20230111,01/11/2023,2023,January,Q1,Wednesday,FALSE,FALSE,
20230112,01/12/2023,2023,January,Q1,Thursday,FALSE,FALSE,
20230113,1/13/2023,2023,January,Q1,Friday,FALSE,FALSE,
20230114,1/14/2023,2023,January,Q1,Saturday,TRUE,FALSE,
20230115,1/15/2023,2023,January,Q1,Sunday,TRUE,FALSE,
20230116,1/16/2023,2023,January,Q1,Monday,FALSE,FALSE,
20230117,1/17/2023,2023,January,Q1,Tuesday,FALSE,FALSE,
20230118,1/18/2023,2023,January,Q1,Wednesday,FALSE,FALSE,
20230119,1/19/2023,2023,January,Q1,Thursday,FALSE,FALSE,
20230120,1/20/2023,2023,January,Q1,Friday,FALSE,FALSE,
20230121,1/21/2023,2023,January,Q1,Saturday,TRUE,FALSE,
20230122,1/22/2023,2023,January,Q1,Sunday,TRUE,FALSE,
20230123,1/23/2023,2023,January,Q1,Monday,FALSE,FALSE,
20230124,1/24/2023,2023,January,Q1,Tuesday,FALSE,FALSE,
20230125,1/25/2023,2023,January,Q1,Wednesday,FALSE,FALSE,
20230126,1/26/2023,2023,January,Q1,Thursday,FALSE,FALSE,
20230127,1/27/2023,2023,January,Q1,Friday,FALSE,FALSE,
20230128,1/28/2023,2023,January,Q1,Saturday,TRUE,FALSE,
20230129,1/29/2023,2023,January,Q1,Sunday,TRUE,FALSE,
20230130,1/30/2023,2023,January,Q1,Monday,FALSE,FALSE,
20230131,1/31/2023,2023,January,Q1,Tuesday,FALSE,TRUE,
20230201,02/01/2023,2023,February,Q1,Wednesday,FALSE,FALSE,
20230202,02/02/2023,2023,February,Q1,Thursday,FALSE,FALSE,
20230203,02/03/2023,2023,February,Q1,Friday,FALSE,FALSE,
20230204,02/04/2023,2023,February,Q1,Saturday,TRUE,FALSE,
20230205,02/05/2023,2023,February,Q1,Sunday,TRUE,FALSE,
20230206,02/06/2023,2023,February,Q1,Monday,FALSE,FALSE,
20230207,02/07/2023,2023,February,Q1,Tuesday,FALSE,FALSE,
20230208,02/08/2023,2023,February,Q1,Wednesday,FALSE,FALSE,
20230209,02/09/2023,2023,February,Q1,Thursday,FALSE,FALSE,
20230210,02/10/2023,2023,February,Q1,Friday,FALSE,FALSE,
20230211,02/11/2023,2023,February,Q1,Saturday,TRUE,FALSE,
20230212,02/12/2023,2023,February,Q1,Sunday,TRUE,FALSE,
20230213,2/13/2023,2023,February,Q1,Monday,FALSE,FALSE,
20230214,2/14/2023,2023,February,Q1,Tuesday,FALSE,FALSE,
20230215,2/15/2023,2023,February,Q1,Wednesday,FALSE,FALSE,
20230216,2/16/2023,2023,February,Q1,Thursday,FALSE,FALSE,
20230217,2/17/2023,2023,February,Q1,Friday,FALSE,FALSE,
20230218,2/18/2023,2023,February,Q1,Saturday,TRUE,FALSE,
20230219,2/19/2023,2023,February,Q1,Sunday,TRUE,FALSE,
20230220,2/20/2023,2023,February,Q1,Monday,FALSE,FALSE,
20230221,2/21/2023,2023,February,Q1,Tuesday,FALSE,FALSE,
20230222,2/22/2023,2023,February,Q1,Wednesday,FALSE,FALSE,
20230223,2/23/2023,2023,February,Q1,Thursday,FALSE,FALSE,
20230224,2/24/2023,2023,February,Q1,Friday,FALSE,FALSE,
20230225,2/25/2023,2023,February,Q1,Saturday,TRUE,FALSE,
20230226,2/26/2023,2023,February,Q1,Sunday,TRUE,FALSE,
20230227,2/27/2023,2023,February,Q1,Monday,FALSE,FALSE,
20230228,2/28/2023,2023,February,Q1,Tuesday,FALSE,TRUE,
20230301,03/01/2023,2023,March,Q1,Wednesday,FALSE,FALSE,
20230302,03/02/2023,2023,March,Q1,Thursday,FALSE,FALSE,
20230303,03/03/2023,2023,March,Q1,Friday,FALSE,FALSE,
20230304,03/04/2023,2023,March,Q1,Saturday,TRUE,FALSE,
20230305,03/05/2023,2023,March,Q1,Sunday,TRUE,FALSE,
20230306,03/06/2023,2023,March,Q1,Monday,FALSE,FALSE,
20230307,03/07/2023,2023,March,Q1,Tuesday,FALSE,FALSE,
20230308,03/08/2023,2023,March,Q1,Wednesday,FALSE,FALSE,
20230309,03/09/2023,2023,March,Q1,Thursday,FALSE,FALSE,
20230310,03/10/2023,2023,March,Q1,Friday,FALSE,FALSE,
20230311,03/11/2023,2023,March,Q1,Saturday,TRUE,FALSE,
20230312,03/12/2023,2023,March,Q1,Sunday,TRUE,FALSE,
20230313,3/13/2023,2023,March,Q1,Monday,FALSE,FALSE,
20230314,3/14/2023,2023,March,Q1,Tuesday,FALSE,FALSE,
20230315,3/15/2023,2023,March,Q1,Wednesday,FALSE,FALSE,
20230316,3/16/2023,2023,March,Q1,Thursday,FALSE,FALSE,
20230317,3/17/2023,2023,March,Q1,Friday,FALSE,FALSE,
20230318,3/18/2023,2023,March,Q1,Saturday,TRUE,FALSE,
20230319,3/19/2023,2023,March,Q1,Sunday,TRUE,FALSE,
20230320,3/20/2023,2023,March,Q1,Monday,FALSE,FALSE,
20230321,3/21/2023,2023,March,Q1,Tuesday,FALSE,FALSE,
20230322,3/22/2023,2023,March,Q1,Wednesday,FALSE,FALSE,
20230323,3/23/2023,2023,March,Q1,Thursday,FALSE,FALSE,
20230324,3/24/2023,2023,March,Q1,Friday,FALSE,FALSE,
20230325,3/25/2023,2023,March,Q1,Saturday,TRUE,FALSE,
20230326,3/26/2023,2023,March,Q1,Sunday,TRUE,FALSE,
20230327,3/27/2023,2023,March,Q1,Monday,FALSE,FALSE,
20230328,3/28/2023,2023,March,Q1,Tuesday,FALSE,FALSE,
20230329,3/29/2023,2023,March,Q1,Wednesday,FALSE,FALSE,
20230330,3/30/2023,2023,March,Q1,Thursday,FALSE,FALSE,
20230331,3/31/2023,2023,March,Q1,Friday,FALSE,TRUE,
20230401,04/01/2023,2023,April,Q2,Saturday,TRUE,FALSE,
20230402,04/02/2023,2023,April,Q2,Sunday,TRUE,FALSE,
20230403,04/03/2023,2023,April,Q2,Monday,FALSE,FALSE,
20230404,04/04/2023,2023,April,Q2,Tuesday,FALSE,FALSE,
20230405,04/05/2023,2023,April,Q2,Wednesday,FALSE,FALSE,
20230406,04/06/2023,2023,April,Q2,Thursday,FALSE,FALSE,
20230407,04/07/2023,2023,April,Q2,Friday,FALSE,FALSE,
20230408,04/08/2023,2023,April,Q2,Saturday,TRUE,FALSE,
20230409,04/09/2023,2023,April,Q2,Sunday,TRUE,FALSE,
20230410,04/10/2023,2023,April,Q2,Monday,FALSE,FALSE,
20230411,04/11/2023,2023,April,Q2,Tuesday,FALSE,FALSE,
20230412,04/12/2023,2023,April,Q2,Wednesday,FALSE,FALSE,
20230413,4/13/2023,2023,April,Q2,Thursday,FALSE,FALSE,
20230414,4/14/2023,2023,April,Q2,Friday,FALSE,FALSE,
20230415,4/15/2023,2023,April,Q2,Saturday,TRUE,FALSE,
20230416,4/16/2023,2023,April,Q2,Sunday,TRUE,FALSE,
20230417,4/17/2023,2023,April,Q2,Monday,FALSE,FALSE,
20230418,4/18/2023,2023,April,Q2,Tuesday,FALSE,FALSE,
20230419,4/19/2023,2023,April,Q2,Wednesday,FALSE,FALSE,
20230420,4/20/2023,2023,April,Q2,Thursday,FALSE,FALSE,
20230421,4/21/2023,2023,April,Q2,Friday,FALSE,FALSE,
20230422,4/22/2023,2023,April,Q2,Saturday,TRUE,FALSE,
20230423,4/23/2023,2023,April,Q2,Sunday,TRUE,FALSE,
20230424,4/24/2023,2023,April,Q2,Monday,FALSE,FALSE,
20230425,4/25/2023,2023,April,Q2,Tuesday,FALSE,FALSE,
20230426,4/26/2023,2023,April,Q2,Wednesday,FALSE,FALSE,
20230427,4/27/2023,2023,April,Q2,Thursday,FALSE,FALSE,
20230428,4/28/2023,2023,April,Q2,Friday,FALSE,FALSE,
20230429,4/29/2023,2023,April,Q2,Saturday,TRUE,FALSE,
20230430,4/30/2023,2023,April,Q2,Sunday,TRUE,TRUE,
20230501,05/01/2023,2023,May,Q2,Monday,FALSE,FALSE,
20230502,05/02/2023,2023,May,Q2,Tuesday,FALSE,FALSE,
20230503,05/03/2023,2023,May,Q2,Wednesday,FALSE,FALSE,
20230504,05/04/2023,2023,May,Q2,Thursday,FALSE,FALSE,
20230505,05/05/2023,2023,May,Q2,Friday,FALSE,FALSE,
20230506,05/06/2023,2023,May,Q2,Saturday,TRUE,FALSE,
20230507,05/07/2023,2023,May,Q2,Sunday,TRUE,FALSE,
20230508,05/08/2023,2023,May,Q2,Monday,FALSE,FALSE,
20230509,05/09/2023,2023,May,Q2,Tuesday,FALSE,FALSE,
20230510,05/10/2023,2023,May,Q2,Wednesday,FALSE,FALSE,
20230511,05/11/2023,2023,May,Q2,Thursday,FALSE,FALSE,
20230512,05/12/2023,2023,May,Q2,Friday,FALSE,FALSE,
20230513,5/13/2023,2023,May,Q2,Saturday,TRUE,FALSE,
20230514,5/14/2023,2023,May,Q2,Sunday,TRUE,FALSE,
20230515,5/15/2023,2023,May,Q2,Monday,FALSE,FALSE,
20230516,5/16/2023,2023,May,Q2,Tuesday,FALSE,FALSE,
20230517,5/17/2023,2023,May,Q2,Wednesday,FALSE,FALSE,
20230518,5/18/2023,2023,May,Q2,Thursday,FALSE,FALSE,
20230519,5/19/2023,2023,May,Q2,Friday,FALSE,FALSE,
20230520,5/20/2023,2023,May,Q2,Saturday,TRUE,FALSE,
20230521,5/21/2023,2023,May,Q2,Sunday,TRUE,FALSE,
20230522,5/22/2023,2023,May,Q2,Monday,FALSE,FALSE,
20230523,5/23/2023,2023,May,Q2,Tuesday,FALSE,FALSE,
20230524,5/24/2023,2023,May,Q2,Wednesday,FALSE,FALSE,
20230525,5/25/2023,2023,May,Q2,Thursday,FALSE,FALSE,
20230526,5/26/2023,2023,May,Q2,Friday,FALSE,FALSE,
20230527,5/27/2023,2023,May,Q2,Saturday,TRUE,FALSE,
20230528,5/28/2023,2023,May,Q2,Sunday,TRUE,FALSE,
20230529,5/29/2023,2023,May,Q2,Monday,FALSE,FALSE,
20230530,5/30/2023,2023,May,Q2,Tuesday,FALSE,FALSE,
20230531,5/31/2023,2023,May,Q2,Wednesday,FALSE,TRUE,
20230601,06/01/2023,2023,June,Q2,Thursday,FALSE,FALSE,
20230602,06/02/2023,2023,June,Q2,Friday,FALSE,FALSE,
20230603,06/03/2023,2023,June,Q2,Saturday,TRUE,FALSE,
20230604,06/04/2023,2023,June,Q2,Sunday,TRUE,FALSE,
20230605,06/05/2023,2023,June,Q2,Monday,FALSE,FALSE,
20230606,06/06/2023,2023,June,Q2,Tuesday,FALSE,FALSE,
20230607,06/07/2023,2023,June,Q2,Wednesday,FALSE,FALSE,
20230608,06/08/2023,2023,June,Q2,Thursday,FALSE,FALSE,
20230609,06/09/2023,2023,June,Q2,Friday,FALSE,FALSE,
20230610,06/10/2023,2023,June,Q2,Saturday,TRUE,FALSE,
20230611,06/11/2023,2023,June,Q2,Sunday,TRUE,FALSE,
20230612,06/12/2023,2023,June,Q2,Monday,FALSE,FALSE,
20230613,6/13/2023,2023,June,Q2,Tuesday,FALSE,FALSE,
20230614,6/14/2023,2023,June,Q2,Wednesday,FALSE,FALSE,
20230615,6/15/2023,2023,June,Q2,Thursday,FALSE,FALSE,
20230616,6/16/2023,2023,June,Q2,Friday,FALSE,FALSE,
20230617,6/17/2023,2023,June,Q2,Saturday,TRUE,FALSE,
20230618,6/18/2023,2023,June,Q2,Sunday,TRUE,FALSE,
20230619,6/19/2023,2023,June,Q2,Monday,FALSE,FALSE,
20230620,6/20/2023,2023,June,Q2,Tuesday,FALSE,FALSE,
20230621,6/21/2023,2023,June,Q2,Wednesday,FALSE,FALSE,
20230622,6/22/2023,2023,June,Q2,Thursday,FALSE,FALSE,
20230623,6/23/2023,2023,June,Q2,Friday,FALSE,FALSE,
20230624,6/24/2023,2023,June,Q2,Saturday,TRUE,FALSE,
20230625,6/25/2023,2023,June,Q2,Sunday,TRUE,FALSE,
20230626,6/26/2023,2023,June,Q2,Monday,FALSE,FALSE,
20230627,6/27/2023,2023,June,Q2,Tuesday,FALSE,FALSE,
20230628,6/28/2023,2023,June,Q2,Wednesday,FALSE,FALSE,
20230629,6/29/2023,2023,June,Q2,Thursday,FALSE,FALSE,
20230630,6/30/2023,2023,June,Q2,Friday,FALSE,TRUE,
20230701,07/01/2023,2023,July,Q3,Saturday,TRUE,FALSE,
20230702,07/02/2023,2023,July,Q3,Sunday,TRUE,FALSE,
20230703,07/03/2023,2023,July,Q3,Monday,FALSE,FALSE,
20230704,07/04/2023,2023,July,Q3,Tuesday,FALSE,FALSE,
20230705,07/05/2023,2023,July,Q3,Wednesday,FALSE,FALSE,
20230706,07/06/2023,2023,July,Q3,Thursday,FALSE,FALSE,
20230707,07/07/2023,2023,July,Q3,Friday,FALSE,FALSE,
20230708,07/08/2023,2023,July,Q3,Saturday,TRUE,FALSE,
20230709,07/09/2023,2023,July,Q3,Sunday,TRUE,FALSE,
20230710,07/10/2023,2023,July,Q3,Monday,FALSE,FALSE,
20230711,07/11/2023,2023,July,Q3,Tuesday,FALSE,FALSE,
20230712,07/12/2023,2023,July,Q3,Wednesday,FALSE,FALSE,
20230713,7/13/2023,2023,July,Q3,Thursday,FALSE,FALSE,
20230714,7/14/2023,2023,July,Q3,Friday,FALSE,FALSE,
20230715,7/15/2023,2023,July,Q3,Saturday,TRUE,FALSE,
20230716,7/16/2023,2023,July,Q3,Sunday,TRUE,FALSE,
20230717,7/17/2023,2023,July,Q3,Monday,FALSE,FALSE,
20230718,7/18/2023,2023,July,Q3,Tuesday,FALSE,FALSE,
20230719,7/19/2023,2023,July,Q3,Wednesday,FALSE,FALSE,
20230720,7/20/2023,2023,July,Q3,Thursday,FALSE,FALSE,
20230721,7/21/2023,2023,July,Q3,Friday,FALSE,FALSE,
20230722,7/22/2023,2023,July,Q3,Saturday,TRUE,FALSE,
20230723,7/23/2023,2023,July,Q3,Sunday,TRUE,FALSE,
20230724,7/24/2023,2023,July,Q3,Monday,FALSE,FALSE,
20230725,7/25/2023,2023,July,Q3,Tuesday,FALSE,FALSE,
20230726,7/26/2023,2023,July,Q3,Wednesday,FALSE,FALSE,
20230727,7/27/2023,2023,July,Q3,Thursday,FALSE,FALSE,
20230728,7/28/2023,2023,July,Q3,Friday,FALSE,FALSE,
20230729,7/29/2023,2023,July,Q3,Saturday,TRUE,FALSE,
20230730,7/30/2023,2023,July,Q3,Sunday,TRUE,FALSE,
20230731,7/31/2023,2023,July,Q3,Monday,FALSE,TRUE,
20230801,08/01/2023,2023,August,Q3,Tuesday,FALSE,FALSE,
20230802,08/02/2023,2023,August,Q3,Wednesday,FALSE,FALSE,
20230803,08/03/2023,2023,August,Q3,Thursday,FALSE,FALSE,
20230804,08/04/2023,2023,August,Q3,Friday,FALSE,FALSE,
20230805,08/05/2023,2023,August,Q3,Saturday,TRUE,FALSE,
20230806,08/06/2023,2023,August,Q3,Sunday,TRUE,FALSE,
20230807,08/07/2023,2023,August,Q3,Monday,FALSE,FALSE,
20230808,08/08/2023,2023,August,Q3,Tuesday,FALSE,FALSE,
20230809,08/09/2023,2023,August,Q3,Wednesday,FALSE,FALSE,
20230810,08/10/2023,2023,August,Q3,Thursday,FALSE,FALSE,
20230811,08/11/2023,2023,August,Q3,Friday,FALSE,FALSE,
20230812,08/12/2023,2023,August,Q3,Saturday,TRUE,FALSE,
20230813,8/13/2023,2023,August,Q3,Sunday,TRUE,FALSE,
20230814,8/14/2023,2023,August,Q3,Monday,FALSE,FALSE,
20230815,8/15/2023,2023,August,Q3,Tuesday,FALSE,FALSE,
20230816,8/16/2023,2023,August,Q3,Wednesday,FALSE,FALSE,
20230817,8/17/2023,2023,August,Q3,Thursday,FALSE,FALSE,
20230818,8/18/2023,2023,August,Q3,Friday,FALSE,FALSE,
20230819,8/19/2023,2023,August,Q3,Saturday,TRUE,FALSE,
20230820,8/20/2023,2023,August,Q3,Sunday,TRUE,FALSE,
20230821,8/21/2023,2023,August,Q3,Monday,FALSE,FALSE,
20230822,8/22/2023,2023,August,Q3,Tuesday,FALSE,FALSE,
20230823,8/23/2023,2023,August,Q3,Wednesday,FALSE,FALSE,
20230824,8/24/2023,2023,August,Q3,Thursday,FALSE,FALSE,
20230825,8/25/2023,2023,August,Q3,Friday,FALSE,FALSE,
20230826,8/26/2023,2023,August,Q3,Saturday,TRUE,FALSE,
20230827,8/27/2023,2023,August,Q3,Sunday,TRUE,FALSE,
20230828,8/28/2023,2023,August,Q3,Monday,FALSE,FALSE,
20230829,8/29/2023,2023,August,Q3,Tuesday,FALSE,FALSE,
20230830,8/30/2023,2023,August,Q3,Wednesday,FALSE,FALSE,
20230831,8/31/2023,2023,August,Q3,Thursday,FALSE,TRUE,
20230901,09/01/2023,2023,September,Q3,Friday,FALSE,FALSE,
20230902,09/02/2023,2023,September,Q3,Saturday,TRUE,FALSE,
20230903,09/03/2023,2023,September,Q3,Sunday,TRUE,FALSE,
20230904,09/04/2023,2023,September,Q3,Monday,FALSE,FALSE,
20230905,09/05/2023,2023,September,Q3,Tuesday,FALSE,FALSE,
20230906,09/06/2023,2023,September,Q3,Wednesday,FALSE,FALSE,
20230907,09/07/2023,2023,September,Q3,Thursday,FALSE,FALSE,
20230908,09/08/2023,2023,September,Q3,Friday,FALSE,FALSE,
20230909,09/09/2023,2023,September,Q3,Saturday,TRUE,FALSE,
20230910,09/10/2023,2023,September,Q3,Sunday,TRUE,FALSE,
20230911,09/11/2023,2023,September,Q3,Monday,FALSE,FALSE,
20230912,09/12/2023,2023,September,Q3,Tuesday,FALSE,FALSE,
20230913,9/13/2023,2023,September,Q3,Wednesday,FALSE,FALSE,
20230914,9/14/2023,2023,September,Q3,Thursday,FALSE,FALSE,
20230915,9/15/2023,2023,September,Q3,Friday,FALSE,FALSE,
20230916,9/16/2023,2023,September,Q3,Saturday,TRUE,FALSE,
20230917,9/17/2023,2023,September,Q3,Sunday,TRUE,FALSE,
20230918,9/18/2023,2023,September,Q3,Monday,FALSE,FALSE,
20230919,9/19/2023,2023,September,Q3,Tuesday,FALSE,FALSE,
20230920,9/20/2023,2023,September,Q3,Wednesday,FALSE,FALSE,
20230921,9/21/2023,2023,September,Q3,Thursday,FALSE,FALSE,
20230922,9/22/2023,2023,September,Q3,Friday,FALSE,FALSE,
20230923,9/23/2023,2023,September,Q3,Saturday,TRUE,FALSE,
20230924,9/24/2023,2023,September,Q3,Sunday,TRUE,FALSE,
20230925,9/25/2023,2023,September,Q3,Monday,FALSE,FALSE,
20230926,9/26/2023,2023,September,Q3,Tuesday,FALSE,FALSE,
20230927,9/27/2023,2023,September,Q3,Wednesday,FALSE,FALSE,
20230928,9/28/2023,2023,September,Q3,Thursday,FALSE,FALSE,
20230929,9/29/2023,2023,September,Q3,Friday,FALSE,FALSE,
20230930,9/30/2023,2023,September,Q3,Saturday,TRUE,TRUE,
20231001,10/01/2023,2023,October,Q4,Sunday,TRUE,FALSE,
20231002,10/02/2023,2023,October,Q4,Monday,FALSE,FALSE,
20231003,10/03/2023,2023,October,Q4,Tuesday,FALSE,FALSE,
20231004,10/04/2023,2023,October,Q4,Wednesday,FALSE,FALSE,
20231005,10/05/2023,2023,October,Q4,Thursday,FALSE,FALSE,
20231006,10/06/2023,2023,October,Q4,Friday,FALSE,FALSE,
20231007,10/07/2023,2023,October,Q4,Saturday,TRUE,FALSE,
20231008,10/08/2023,2023,October,Q4,Sunday,TRUE,FALSE,
20231009,10/09/2023,2023,October,Q4,Monday,FALSE,FALSE,
20231010,10/10/2023,2023,October,Q4,Tuesday,FALSE,FALSE,
20231011,10/11/2023,2023,October,Q4,Wednesday,FALSE,FALSE,
20231012,10/12/2023,2023,October,Q4,Thursday,FALSE,FALSE,
20231013,10/13/2023,2023,October,Q4,Friday,FALSE,FALSE,
20231014,10/14/2023,2023,October,Q4,Saturday,TRUE,FALSE,
20231015,10/15/2023,2023,October,Q4,Sunday,TRUE,FALSE,
20231016,10/16/2023,2023,October,Q4,Monday,FALSE,FALSE,
20231017,10/17/2023,2023,October,Q4,Tuesday,FALSE,FALSE,
20231018,10/18/2023,2023,October,Q4,Wednesday,FALSE,FALSE,
20231019,10/19/2023,2023,October,Q4,Thursday,FALSE,FALSE,
20231020,10/20/2023,2023,October,Q4,Friday,FALSE,FALSE,
20231021,10/21/2023,2023,October,Q4,Saturday,TRUE,FALSE,
20231022,10/22/2023,2023,October,Q4,Sunday,TRUE,FALSE,
20231023,10/23/2023,2023,October,Q4,Monday,FALSE,FALSE,
20231024,10/24/2023,2023,October,Q4,Tuesday,FALSE,FALSE,
20231025,10/25/2023,2023,October,Q4,Wednesday,FALSE,FALSE,
20231026,10/26/2023,2023,October,Q4,Thursday,FALSE,FALSE,
20231027,10/27/2023,2023,October,Q4,Friday,FALSE,FALSE,
20231028,10/28/2023,2023,October,Q4,Saturday,TRUE,FALSE,
20231029,10/29/2023,2023,October,Q4,Sunday,TRUE,FALSE,
20231030,10/30/2023,2023,October,Q4,Monday,FALSE,FALSE,
20231031,10/31/2023,2023,October,Q4,Tuesday,FALSE,TRUE,
20231101,11/01/2023,2023,November,Q4,Wednesday,FALSE,FALSE,
20231102,11/02/2023,2023,November,Q4,Thursday,FALSE,FALSE,
20231103,11/03/2023,2023,November,Q4,Friday,FALSE,FALSE,
20231104,11/04/2023,2023,November,Q4,Saturday,TRUE,FALSE,
20231105,11/05/2023,2023,November,Q4,Sunday,TRUE,FALSE,
20231106,11/06/2023,2023,November,Q4,Monday,FALSE,FALSE,
20231107,11/07/2023,2023,November,Q4,Tuesday,FALSE,FALSE,
20231108,11/08/2023,2023,November,Q4,Wednesday,FALSE,FALSE,
20231109,11/09/2023,2023,November,Q4,Thursday,FALSE,FALSE,
20231110,11/10/2023,2023,November,Q4,Friday,FALSE,FALSE,
20231111,11/11/2023,2023,November,Q4,Saturday,TRUE,FALSE,
20231112,11/12/2023,2023,November,Q4,Sunday,TRUE,FALSE,
20231113,11/13/2023,2023,November,Q4,Monday,FALSE,FALSE,
20231114,11/14/2023,2023,November,Q4,Tuesday,FALSE,FALSE,
20231115,11/15/2023,2023,November,Q4,Wednesday,FALSE,FALSE,
20231116,11/16/2023,2023,November,Q4,Thursday,FALSE,FALSE,
20231117,11/17/2023,2023,November,Q4,Friday,FALSE,FALSE,
20231118,11/18/2023,2023,November,Q4,Saturday,TRUE,FALSE,
20231119,11/19/2023,2023,November,Q4,Sunday,TRUE,FALSE,
20231120,11/20/2023,2023,November,Q4,Monday,FALSE,FALSE,
20231121,11/21/2023,2023,November,Q4,Tuesday,FALSE,FALSE,
20231122,11/22/2023,2023,November,Q4,Wednesday,FALSE,FALSE,
20231123,11/23/2023,2023,November,Q4,Thursday,FALSE,FALSE,
20231124,11/24/2023,2023,November,Q4,Friday,FALSE,FALSE,
20231125,11/25/2023,2023,November,Q4,Saturday,TRUE,FALSE,
20231126,11/26/2023,2023,November,Q4,Sunday,TRUE,FALSE,
20231127,11/27/2023,2023,November,Q4,Monday,FALSE,FALSE,
20231128,11/28/2023,2023,November,Q4,Tuesday,FALSE,FALSE,
20231129,11/29/2023,2023,November,Q4,Wednesday,FALSE,FALSE,
20231130,11/30/2023,2023,November,Q4,Thursday,FALSE,TRUE,
20231201,12/01/2023,2023,December,Q4,Friday,FALSE,FALSE,
20231202,12/02/2023,2023,December,Q4,Saturday,TRUE,FALSE,
20231203,12/03/2023,2023,December,Q4,Sunday,TRUE,FALSE,
20231204,12/04/2023,2023,December,Q4,Monday,FALSE,FALSE,
20231205,12/05/2023,2023,December,Q4,Tuesday,FALSE,FALSE,
20231206,12/06/2023,2023,December,Q4,Wednesday,FALSE,FALSE,
20231207,12/07/2023,2023,December,Q4,Thursday,FALSE,FALSE,
20231208,12/08/2023,2023,December,Q4,Friday,FALSE,FALSE,
20231209,12/09/2023,2023,December,Q4,Saturday,TRUE,FALSE,
20231210,12/10/2023,2023,December,Q4,Sunday,TRUE,FALSE,
20231211,12/11/2023,2023,December,Q4,Monday,FALSE,FALSE,
20231212,12/12/2023,2023,December,Q4,Tuesday,FALSE,FALSE,
20231213,12/13/2023,2023,December,Q4,Wednesday,FALSE,FALSE,
20231214,12/14/2023,2023,December,Q4,Thursday,FALSE,FALSE,
20231215,12/15/2023,2023,December,Q4,Friday,FALSE,FALSE,
20231216,12/16/2023,2023,December,Q4,Saturday,TRUE,FALSE,
20231217,12/17/2023,2023,December,Q4,Sunday,TRUE,FALSE,
20231218,12/18/2023,2023,December,Q4,Monday,FALSE,FALSE,
20231219,12/19/2023,2023,December,Q4,Tuesday,FALSE,FALSE,
20231220,12/20/2023,2023,December,Q4,Wednesday,FALSE,FALSE,
20231221,12/21/2023,2023,December,Q4,Thursday,FALSE,FALSE,
20231222,12/22/2023,2023,December,Q4,Friday,FALSE,FALSE,
20231223,12/23/2023,2023,December,Q4,Saturday,TRUE,FALSE,
20231224,12/24/2023,2023,December,Q4,Sunday,TRUE,FALSE,
20231225,12/25/2023,2023,December,Q4,Monday,FALSE,FALSE,
20231226,12/26/2023,2023,December,Q4,Tuesday,FALSE,FALSE,
20231227,12/27/2023,2023,December,Q4,Wednesday,FALSE,FALSE,
20231228,12/28/2023,2023,December,Q4,Thursday,FALSE,FALSE,
20231229,12/29/2023,2023,December,Q4,Friday,FALSE,FALSE,
20231230,12/30/2023,2023,December,Q4,Saturday,TRUE,FALSE,
20231231,12/31/2023,2023,December,Q4,Sunday,TRUE,TRUE,
20240101,01/01/2024,2024,January,Q1,Monday,FALSE,FALSE,
20240102,01/02/2024,2024,January,Q1,Tuesday,FALSE,FALSE,
20240103,01/03/2024,2024,January,Q1,Wednesday,FALSE,FALSE,
20240104,01/04/2024,2024,January,Q1,Thursday,FALSE,FALSE,
20240105,01/05/2024,2024,January,Q1,Friday,FALSE,FALSE,
20240106,01/06/2024,2024,January,Q1,Saturday,TRUE,FALSE,
20240107,01/07/2024,2024,January,Q1,Sunday,TRUE,FALSE,
20240108,01/08/2024,2024,January,Q1,Monday,FALSE,FALSE,
20240109,01/09/2024,2024,January,Q1,Tuesday,FALSE,FALSE,
20240110,01/10/2024,2024,January,Q1,Wednesday,FALSE,FALSE,
20240111,01/11/2024,2024,January,Q1,Thursday,FALSE,FALSE,
20240112,01/12/2024,2024,January,Q1,Friday,FALSE,FALSE,
20240113,1/13/2024,2024,January,Q1,Saturday,TRUE,FALSE,
20240114,1/14/2024,2024,January,Q1,Sunday,TRUE,FALSE,
20240115,1/15/2024,2024,January,Q1,Monday,FALSE,FALSE,
20240116,1/16/2024,2024,January,Q1,Tuesday,FALSE,FALSE,
20240117,1/17/2024,2024,January,Q1,Wednesday,FALSE,FALSE,
20240118,1/18/2024,2024,January,Q1,Thursday,FALSE,FALSE,
20240119,1/19/2024,2024,January,Q1,Friday,FALSE,FALSE,
20240120,1/20/2024,2024,January,Q1,Saturday,TRUE,FALSE,
20240121,1/21/2024,2024,January,Q1,Sunday,TRUE,FALSE,
20240122,1/22/2024,2024,January,Q1,Monday,FALSE,FALSE,
20240123,1/23/2024,2024,January,Q1,Tuesday,FALSE,FALSE,
20240124,1/24/2024,2024,January,Q1,Wednesday,FALSE,FALSE,
20240125,1/25/2024,2024,January,Q1,Thursday,FALSE,FALSE,
20240126,1/26/2024,2024,January,Q1,Friday,FALSE,FALSE,
20240127,1/27/2024,2024,January,Q1,Saturday,TRUE,FALSE,
20240128,1/28/2024,2024,January,Q1,Sunday,TRUE,FALSE,
20240129,1/29/2024,2024,January,Q1,Monday,FALSE,FALSE,
20240130,1/30/2024,2024,January,Q1,Tuesday,FALSE,FALSE,
20240131,1/31/2024,2024,January,Q1,Wednesday,FALSE,TRUE,
20240201,02/01/2024,2024,February,Q1,Thursday,FALSE,FALSE,
20240202,02/02/2024,2024,February,Q1,Friday,FALSE,FALSE,
20240203,02/03/2024,2024,February,Q1,Saturday,TRUE,FALSE,
20240204,02/04/2024,2024,February,Q1,Sunday,TRUE,FALSE,
20240205,02/05/2024,2024,February,Q1,Monday,FALSE,FALSE,
20240206,02/06/2024,2024,February,Q1,Tuesday,FALSE,FALSE,
20240207,02/07/2024,2024,February,Q1,Wednesday,FALSE,FALSE,
20240208,02/08/2024,2024,February,Q1,Thursday,FALSE,FALSE,
20240209,02/09/2024,2024,February,Q1,Friday,FALSE,FALSE,
20240210,02/10/2024,2024,February,Q1,Saturday,TRUE,FALSE,
20240211,02/11/2024,2024,February,Q1,Sunday,TRUE,FALSE,
20240212,02/12/2024,2024,February,Q1,Monday,FALSE,FALSE,
20240213,2/13/2024,2024,February,Q1,Tuesday,FALSE,FALSE,
20240214,2/14/2024,2024,February,Q1,Wednesday,FALSE,FALSE,
20240215,2/15/2024,2024,February,Q1,Thursday,FALSE,FALSE,
20240216,2/16/2024,2024,February,Q1,Friday,FALSE,FALSE,
20240217,2/17/2024,2024,February,Q1,Saturday,TRUE,FALSE,
20240218,2/18/2024,2024,February,Q1,Sunday,TRUE,FALSE,
20240219,2/19/2024,2024,February,Q1,Monday,FALSE,FALSE,
20240220,2/20/2024,2024,February,Q1,Tuesday,FALSE,FALSE,
20240221,2/21/2024,2024,February,Q1,Wednesday,FALSE,FALSE,
20240222,2/22/2024,2024,February,Q1,Thursday,FALSE,FALSE,
20240223,2/23/2024,2024,February,Q1,Friday,FALSE,FALSE,
20240224,2/24/2024,2024,February,Q1,Saturday,TRUE,FALSE,
20240225,2/25/2024,2024,February,Q1,Sunday,TRUE,FALSE,
20240226,2/26/2024,2024,February,Q1,Monday,FALSE,FALSE,
20240227,2/27/2024,2024,February,Q1,Tuesday,FALSE,FALSE,
20240228,2/28/2024,2024,February,Q1,Wednesday,FALSE,FALSE,
20240229,2/29/2024,2024,February,Q1,Thursday,FALSE,TRUE,
20240301,03/01/2024,2024,March,Q1,Friday,FALSE,FALSE,
20240302,03/02/2024,2024,March,Q1,Saturday,TRUE,FALSE,
20240303,03/03/2024,2024,March,Q1,Sunday,TRUE,FALSE,
20240304,03/04/2024,2024,March,Q1,Monday,FALSE,FALSE,
20240305,03/05/2024,2024,March,Q1,Tuesday,FALSE,FALSE,
20240306,03/06/2024,2024,March,Q1,Wednesday,FALSE,FALSE,
20240307,03/07/2024,2024,March,Q1,Thursday,FALSE,FALSE,
20240308,03/08/2024,2024,March,Q1,Friday,FALSE,FALSE,
20240309,03/09/2024,2024,March,Q1,Saturday,TRUE,FALSE,
20240310,03/10/2024,2024,March,Q1,Sunday,TRUE,FALSE,
20240311,03/11/2024,2024,March,Q1,Monday,FALSE,FALSE,
20240312,03/12/2024,2024,March,Q1,Tuesday,FALSE,FALSE,
20240313,3/13/2024,2024,March,Q1,Wednesday,FALSE,FALSE,
20240314,3/14/2024,2024,March,Q1,Thursday,FALSE,FALSE,
20240315,3/15/2024,2024,March,Q1,Friday,FALSE,FALSE,
20240316,3/16/2024,2024,March,Q1,Saturday,TRUE,FALSE,
20240317,3/17/2024,2024,March,Q1,Sunday,TRUE,FALSE,
20240318,3/18/2024,2024,March,Q1,Monday,FALSE,FALSE,
20240319,3/19/2024,2024,March,Q1,Tuesday,FALSE,FALSE,
20240320,3/20/2024,2024,March,Q1,Wednesday,FALSE,FALSE,
20240321,3/21/2024,2024,March,Q1,Thursday,FALSE,FALSE,
20240322,3/22/2024,2024,March,Q1,Friday,FALSE,FALSE,
20240323,3/23/2024,2024,March,Q1,Saturday,TRUE,FALSE,
20240324,3/24/2024,2024,March,Q1,Sunday,TRUE,FALSE,
20240325,3/25/2024,2024,March,Q1,Monday,FALSE,FALSE,
20240326,3/26/2024,2024,March,Q1,Tuesday,FALSE,FALSE,
20240327,3/27/2024,2024,March,Q1,Wednesday,FALSE,FALSE,
20240328,3/28/2024,2024,March,Q1,Thursday,FALSE,FALSE,
20240329,3/29/2024,2024,March,Q1,Friday,FALSE,FALSE,
20240330,3/30/2024,2024,March,Q1,Saturday,TRUE,FALSE,
20240331,3/31/2024,2024,March,Q1,Sunday,TRUE,TRUE,
20240401,04/01/2024,2024,April,Q2,Monday,FALSE,FALSE,
20240402,04/02/2024,2024,April,Q2,Tuesday,FALSE,FALSE,
20240403,04/03/2024,2024,April,Q2,Wednesday,FALSE,FALSE,
20240404,04/04/2024,2024,April,Q2,Thursday,FALSE,FALSE,
20240405,04/05/2024,2024,April,Q2,Friday,FALSE,FALSE,
20240406,04/06/2024,2024,April,Q2,Saturday,TRUE,FALSE,
20240407,04/07/2024,2024,April,Q2,Sunday,TRUE,FALSE,
20240408,04/08/2024,2024,April,Q2,Monday,FALSE,FALSE,
20240409,04/09/2024,2024,April,Q2,Tuesday,FALSE,FALSE,
20240410,04/10/2024,2024,April,Q2,Wednesday,FALSE,FALSE,
20240411,04/11/2024,2024,April,Q2,Thursday,FALSE,FALSE,
20240412,04/12/2024,2024,April,Q2,Friday,FALSE,FALSE,
20240413,4/13/2024,2024,April,Q2,Saturday,TRUE,FALSE,
20240414,4/14/2024,2024,April,Q2,Sunday,TRUE,FALSE,
20240415,4/15/2024,2024,April,Q2,Monday,FALSE,FALSE,
20240416,4/16/2024,2024,April,Q2,Tuesday,FALSE,FALSE,
20240417,4/17/2024,2024,April,Q2,Wednesday,FALSE,FALSE,
20240418,4/18/2024,2024,April,Q2,Thursday,FALSE,FALSE,
20240419,4/19/2024,2024,April,Q2,Friday,FALSE,FALSE,
20240420,4/20/2024,2024,April,Q2,Saturday,TRUE,FALSE,
20240421,4/21/2024,2024,April,Q2,Sunday,TRUE,FALSE,
20240422,4/22/2024,2024,April,Q2,Monday,FALSE,FALSE,
20240423,4/23/2024,2024,April,Q2,Tuesday,FALSE,FALSE,
20240424,4/24/2024,2024,April,Q2,Wednesday,FALSE,FALSE,
20240425,4/25/2024,2024,April,Q2,Thursday,FALSE,FALSE,
20240426,4/26/2024,2024,April,Q2,Friday,FALSE,FALSE,
20240427,4/27/2024,2024,April,Q2,Saturday,TRUE,FALSE,
20240428,4/28/2024,2024,April,Q2,Sunday,TRUE,FALSE,
20240429,4/29/2024,2024,April,Q2,Monday,FALSE,FALSE,
20240430,4/30/2024,2024,April,Q2,Tuesday,FALSE,TRUE,
20240501,05/01/2024,2024,May,Q2,Wednesday,FALSE,FALSE,
20240502,05/02/2024,2024,May,Q2,Thursday,FALSE,FALSE,
20240503,05/03/2024,2024,May,Q2,Friday,FALSE,FALSE,
20240504,05/04/2024,2024,May,Q2,Saturday,TRUE,FALSE,
20240505,05/05/2024,2024,May,Q2,Sunday,TRUE,FALSE,
20240506,05/06/2024,2024,May,Q2,Monday,FALSE,FALSE,
20240507,05/07/2024,2024,May,Q2,Tuesday,FALSE,FALSE,
20240508,05/08/2024,2024,May,Q2,Wednesday,FALSE,FALSE,
20240509,05/09/2024,2024,May,Q2,Thursday,FALSE,FALSE,
20240510,05/10/2024,2024,May,Q2,Friday,FALSE,FALSE,
20240511,05/11/2024,2024,May,Q2,Saturday,TRUE,FALSE,
20240512,05/12/2024,2024,May,Q2,Sunday,TRUE,FALSE,
20240513,5/13/2024,2024,May,Q2,Monday,FALSE,FALSE,
20240514,5/14/2024,2024,May,Q2,Tuesday,FALSE,FALSE,
20240515,5/15/2024,2024,May,Q2,Wednesday,FALSE,FALSE,
20240516,5/16/2024,2024,May,Q2,Thursday,FALSE,FALSE,
20240517,5/17/2024,2024,May,Q2,Friday,FALSE,FALSE,
20240518,5/18/2024,2024,May,Q2,Saturday,TRUE,FALSE,
20240519,5/19/2024,2024,May,Q2,Sunday,TRUE,FALSE,
20240520,5/20/2024,2024,May,Q2,Monday,FALSE,FALSE,
20240521,5/21/2024,2024,May,Q2,Tuesday,FALSE,FALSE,
20240522,5/22/2024,2024,May,Q2,Wednesday,FALSE,FALSE,
20240523,5/23/2024,2024,May,Q2,Thursday,FALSE,FALSE,
20240524,5/24/2024,2024,May,Q2,Friday,FALSE,FALSE,
20240525,5/25/2024,2024,May,Q2,Saturday,TRUE,FALSE,
20240526,5/26/2024,2024,May,Q2,Sunday,TRUE,FALSE,
20240527,5/27/2024,2024,May,Q2,Monday,FALSE,FALSE,
20240528,5/28/2024,2024,May,Q2,Tuesday,FALSE,FALSE,
20240529,5/29/2024,2024,May,Q2,Wednesday,FALSE,FALSE,
20240530,5/30/2024,2024,May,Q2,Thursday,FALSE,FALSE,
20240531,5/31/2024,2024,May,Q2,Friday,FALSE,TRUE,
20240601,06/01/2024,2024,June,Q2,Saturday,TRUE,FALSE,
20240602,06/02/2024,2024,June,Q2,Sunday,TRUE,FALSE,
20240603,06/03/2024,2024,June,Q2,Monday,FALSE,FALSE,
20240604,06/04/2024,2024,June,Q2,Tuesday,FALSE,FALSE,
20240605,06/05/2024,2024,June,Q2,Wednesday,FALSE,FALSE,
20240606,06/06/2024,2024,June,Q2,Thursday,FALSE,FALSE,
20240607,06/07/2024,2024,June,Q2,Friday,FALSE,FALSE,
20240608,06/08/2024,2024,June,Q2,Saturday,TRUE,FALSE,
20240609,06/09/2024,2024,June,Q2,Sunday,TRUE,FALSE,
20240610,06/10/2024,2024,June,Q2,Monday,FALSE,FALSE,
20240611,06/11/2024,2024,June,Q2,Tuesday,FALSE,FALSE,
20240612,06/12/2024,2024,June,Q2,Wednesday,FALSE,FALSE,
20240613,6/13/2024,2024,June,Q2,Thursday,FALSE,FALSE,
20240614,6/14/2024,2024,June,Q2,Friday,FALSE,FALSE,
20240615,6/15/2024,2024,June,Q2,Saturday,TRUE,FALSE,
20240616,6/16/2024,2024,June,Q2,Sunday,TRUE,FALSE,
20240617,6/17/2024,2024,June,Q2,Monday,FALSE,FALSE,
20240618,6/18/2024,2024,June,Q2,Tuesday,FALSE,FALSE,
20240619,6/19/2024,2024,June,Q2,Wednesday,FALSE,FALSE,
20240620,6/20/2024,2024,June,Q2,Thursday,FALSE,FALSE,
20240621,6/21/2024,2024,June,Q2,Friday,FALSE,FALSE,
20240622,6/22/2024,2024,June,Q2,Saturday,TRUE,FALSE,
20240623,6/23/2024,2024,June,Q2,Sunday,TRUE,FALSE,
20240624,6/24/2024,2024,June,Q2,Monday,FALSE,FALSE,
20240625,6/25/2024,2024,June,Q2,Tuesday,FALSE,FALSE,
20240626,6/26/2024,2024,June,Q2,Wednesday,FALSE,FALSE,
20240627,6/27/2024,2024,June,Q2,Thursday,FALSE,FALSE,
20240628,6/28/2024,2024,June,Q2,Friday,FALSE,FALSE,
20240629,6/29/2024,2024,June,Q2,Saturday,TRUE,FALSE,
20240630,6/30/2024,2024,June,Q2,Sunday,TRUE,TRUE,
20240701,07/01/2024,2024,July,Q3,Monday,FALSE,FALSE,
20240702,07/02/2024,2024,July,Q3,Tuesday,FALSE,FALSE,
20240703,07/03/2024,2024,July,Q3,Wednesday,FALSE,FALSE,
20240704,07/04/2024,2024,July,Q3,Thursday,FALSE,FALSE,
20240705,07/05/2024,2024,July,Q3,Friday,FALSE,FALSE,
20240706,07/06/2024,2024,July,Q3,Saturday,TRUE,FALSE,
20240707,07/07/2024,2024,July,Q3,Sunday,TRUE,FALSE,
20240708,07/08/2024,2024,July,Q3,Monday,FALSE,FALSE,
20240709,07/09/2024,2024,July,Q3,Tuesday,FALSE,FALSE,
20240710,07/10/2024,2024,July,Q3,Wednesday,FALSE,FALSE,
20240711,07/11/2024,2024,July,Q3,Thursday,FALSE,FALSE,
20240712,07/12/2024,2024,July,Q3,Friday,FALSE,FALSE,
20240713,7/13/2024,2024,July,Q3,Saturday,TRUE,FALSE,
20240714,7/14/2024,2024,July,Q3,Sunday,TRUE,FALSE,
20240715,7/15/2024,2024,July,Q3,Monday,FALSE,FALSE,
20240716,7/16/2024,2024,July,Q3,Tuesday,FALSE,FALSE,
20240717,7/17/2024,2024,July,Q3,Wednesday,FALSE,FALSE,
20240718,7/18/2024,2024,July,Q3,Thursday,FALSE,FALSE,
20240719,7/19/2024,2024,July,Q3,Friday,FALSE,FALSE,
20240720,7/20/2024,2024,July,Q3,Saturday,TRUE,FALSE,
20240721,7/21/2024,2024,July,Q3,Sunday,TRUE,FALSE,
20240722,7/22/2024,2024,July,Q3,Monday,FALSE,FALSE,
20240723,7/23/2024,2024,July,Q3,Tuesday,FALSE,FALSE,
20240724,7/24/2024,2024,July,Q3,Wednesday,FALSE,FALSE,
20240725,7/25/2024,2024,July,Q3,Thursday,FALSE,FALSE,
20240726,7/26/2024,2024,July,Q3,Friday,FALSE,FALSE,
20240727,7/27/2024,2024,July,Q3,Saturday,TRUE,FALSE,
20240728,7/28/2024,2024,July,Q3,Sunday,TRUE,FALSE,
20240729,7/29/2024,2024,July,Q3,Monday,FALSE,FALSE,
20240730,7/30/2024,2024,July,Q3,Tuesday,FALSE,FALSE,
20240731,7/31/2024,2024,July,Q3,Wednesday,FALSE,TRUE,
20240801,08/01/2024,2024,August,Q3,Thursday,FALSE,FALSE,
20240802,08/02/2024,2024,August,Q3,Friday,FALSE,FALSE,
20240803,08/03/2024,2024,August,Q3,Saturday,TRUE,FALSE,
20240804,08/04/2024,2024,August,Q3,Sunday,TRUE,FALSE,
20240805,08/05/2024,2024,August,Q3,Monday,FALSE,FALSE,
20240806,08/06/2024,2024,August,Q3,Tuesday,FALSE,FALSE,
20240807,08/07/2024,2024,August,Q3,Wednesday,FALSE,FALSE,
20240808,08/08/2024,2024,August,Q3,Thursday,FALSE,FALSE,
20240809,08/09/2024,2024,August,Q3,Friday,FALSE,FALSE,
20240810,08/10/2024,2024,August,Q3,Saturday,TRUE,FALSE,
20240811,08/11/2024,2024,August,Q3,Sunday,TRUE,FALSE,
20240812,08/12/2024,2024,August,Q3,Monday,FALSE,FALSE,
20240813,8/13/2024,2024,August,Q3,Tuesday,FALSE,FALSE,
20240814,8/14/2024,2024,August,Q3,Wednesday,FALSE,FALSE,
20240815,8/15/2024,2024,August,Q3,Thursday,FALSE,FALSE,
20240816,8/16/2024,2024,August,Q3,Friday,FALSE,FALSE,
20240817,8/17/2024,2024,August,Q3,Saturday,TRUE,FALSE,
20240818,8/18/2024,2024,August,Q3,Sunday,TRUE,FALSE,
20240819,8/19/2024,2024,August,Q3,Monday,FALSE,FALSE,
20240820,8/20/2024,2024,August,Q3,Tuesday,FALSE,FALSE,
20240821,8/21/2024,2024,August,Q3,Wednesday,FALSE,FALSE,
20240822,8/22/2024,2024,August,Q3,Thursday,FALSE,FALSE,
20240823,8/23/2024,2024,August,Q3,Friday,FALSE,FALSE,
20240824,8/24/2024,2024,August,Q3,Saturday,TRUE,FALSE,
20240825,8/25/2024,2024,August,Q3,Sunday,TRUE,FALSE,
20240826,8/26/2024,2024,August,Q3,Monday,FALSE,FALSE,
20240827,8/27/2024,2024,August,Q3,Tuesday,FALSE,FALSE,
20240828,8/28/2024,2024,August,Q3,Wednesday,FALSE,FALSE,
20240829,8/29/2024,2024,August,Q3,Thursday,FALSE,FALSE,
20240830,8/30/2024,2024,August,Q3,Friday,FALSE,FALSE,
20240831,8/31/2024,2024,August,Q3,Saturday,TRUE,TRUE,
20240901,09/01/2024,2024,September,Q3,Sunday,TRUE,FALSE,
20240902,09/02/2024,2024,September,Q3,Monday,FALSE,FALSE,
20240903,09/03/2024,2024,September,Q3,Tuesday,FALSE,FALSE,
20240904,09/04/2024,2024,September,Q3,Wednesday,FALSE,FALSE,
20240905,09/05/2024,2024,September,Q3,Thursday,FALSE,FALSE,
20240906,09/06/2024,2024,September,Q3,Friday,FALSE,FALSE,
20240907,09/07/2024,2024,September,Q3,Saturday,TRUE,FALSE,
20240908,09/08/2024,2024,September,Q3,Sunday,TRUE,FALSE,
20240909,09/09/2024,2024,September,Q3,Monday,FALSE,FALSE,
20240910,09/10/2024,2024,September,Q3,Tuesday,FALSE,FALSE,
20240911,09/11/2024,2024,September,Q3,Wednesday,FALSE,FALSE,
20240912,09/12/2024,2024,September,Q3,Thursday,FALSE,FALSE,
20240913,9/13/2024,2024,September,Q3,Friday,FALSE,FALSE,
20240914,9/14/2024,2024,September,Q3,Saturday,TRUE,FALSE,
20240915,9/15/2024,2024,September,Q3,Sunday,TRUE,FALSE,
20240916,9/16/2024,2024,September,Q3,Monday,FALSE,FALSE,
20240917,9/17/2024,2024,September,Q3,Tuesday,FALSE,FALSE,
20240918,9/18/2024,2024,September,Q3,Wednesday,FALSE,FALSE,
20240919,9/19/2024,2024,September,Q3,Thursday,FALSE,FALSE,
20240920,9/20/2024,2024,September,Q3,Friday,FALSE,FALSE,
20240921,9/21/2024,2024,September,Q3,Saturday,TRUE,FALSE,
20240922,9/22/2024,2024,September,Q3,Sunday,TRUE,FALSE,
20240923,9/23/2024,2024,September,Q3,Monday,FALSE,FALSE,
20240924,9/24/2024,2024,September,Q3,Tuesday,FALSE,FALSE,
20240925,9/25/2024,2024,September,Q3,Wednesday,FALSE,FALSE,
20240926,9/26/2024,2024,September,Q3,Thursday,FALSE,FALSE,
20240927,9/27/2024,2024,September,Q3,Friday,FALSE,FALSE,
20240928,9/28/2024,2024,September,Q3,Saturday,TRUE,FALSE,
20240929,9/29/2024,2024,September,Q3,Sunday,TRUE,FALSE,
20240930,9/30/2024,2024,September,Q3,Monday,FALSE,TRUE,
20241001,10/01/2024,2024,October,Q4,Tuesday,FALSE,FALSE,
20241002,10/02/2024,2024,October,Q4,Wednesday,FALSE,FALSE,
20241003,10/03/2024,2024,October,Q4,Thursday,FALSE,FALSE,
20241004,10/04/2024,2024,October,Q4,Friday,FALSE,FALSE,
20241005,10/05/2024,2024,October,Q4,Saturday,TRUE,FALSE,
20241006,10/06/2024,2024,October,Q4,Sunday,TRUE,FALSE,
20241007,10/07/2024,2024,October,Q4,Monday,FALSE,FALSE,
20241008,10/08/2024,2024,October,Q4,Tuesday,FALSE,FALSE,
20241009,10/09/2024,2024,October,Q4,Wednesday,FALSE,FALSE,
20241010,10/10/2024,2024,October,Q4,Thursday,FALSE,FALSE,
20241011,10/11/2024,2024,October,Q4,Friday,FALSE,FALSE,
20241012,10/12/2024,2024,October,Q4,Saturday,TRUE,FALSE,
20241013,10/13/2024,2024,October,Q4,Sunday,TRUE,FALSE,
20241014,10/14/2024,2024,October,Q4,Monday,FALSE,FALSE,
20241015,10/15/2024,2024,October,Q4,Tuesday,FALSE,FALSE,
20241016,10/16/2024,2024,October,Q4,Wednesday,FALSE,FALSE,
20241017,10/17/2024,2024,October,Q4,Thursday,FALSE,FALSE,
20241018,10/18/2024,2024,October,Q4,Friday,FALSE,FALSE,
20241019,10/19/2024,2024,October,Q4,Saturday,TRUE,FALSE,
20241020,10/20/2024,2024,October,Q4,Sunday,TRUE,FALSE,
20241021,10/21/2024,2024,October,Q4,Monday,FALSE,FALSE,
20241022,10/22/2024,2024,October,Q4,Tuesday,FALSE,FALSE,
20241023,10/23/2024,2024,October,Q4,Wednesday,FALSE,FALSE,
20241024,10/24/2024,2024,October,Q4,Thursday,FALSE,FALSE,
20241025,10/25/2024,2024,October,Q4,Friday,FALSE,FALSE,
20241026,10/26/2024,2024,October,Q4,Saturday,TRUE,FALSE,
20241027,10/27/2024,2024,October,Q4,Sunday,TRUE,FALSE,
20241028,10/28/2024,2024,October,Q4,Monday,FALSE,FALSE,
20241029,10/29/2024,2024,October,Q4,Tuesday,FALSE,FALSE,
20241030,10/30/2024,2024,October,Q4,Wednesday,FALSE,FALSE,
20241031,10/31/2024,2024,October,Q4,Thursday,FALSE,TRUE,
20241101,11/01/2024,2024,November,Q4,Friday,FALSE,FALSE,
20241102,11/02/2024,2024,November,Q4,Saturday,TRUE,FALSE,
20241103,11/03/2024,2024,November,Q4,Sunday,TRUE,FALSE,
20241104,11/04/2024,2024,November,Q4,Monday,FALSE,FALSE,
20241105,11/05/2024,2024,November,Q4,Tuesday,FALSE,FALSE,
20241106,11/06/2024,2024,November,Q4,Wednesday,FALSE,FALSE,
20241107,11/07/2024,2024,November,Q4,Thursday,FALSE,FALSE,
20241108,11/08/2024,2024,November,Q4,Friday,FALSE,FALSE,
20241109,11/09/2024,2024,November,Q4,Saturday,TRUE,FALSE,
20241110,11/10/2024,2024,November,Q4,Sunday,TRUE,FALSE,
20241111,11/11/2024,2024,November,Q4,Monday,FALSE,FALSE,
20241112,11/12/2024,2024,November,Q4,Tuesday,FALSE,FALSE,
20241113,11/13/2024,2024,November,Q4,Wednesday,FALSE,FALSE,
20241114,11/14/2024,2024,November,Q4,Thursday,FALSE,FALSE,
20241115,11/15/2024,2024,November,Q4,Friday,FALSE,FALSE,
20241116,11/16/2024,2024,November,Q4,Saturday,TRUE,FALSE,
20241117,11/17/2024,2024,November,Q4,Sunday,TRUE,FALSE,
20241118,11/18/2024,2024,November,Q4,Monday,FALSE,FALSE,
20241119,11/19/2024,2024,November,Q4,Tuesday,FALSE,FALSE,
20241120,11/20/2024,2024,November,Q4,Wednesday,FALSE,FALSE,
20241121,11/21/2024,2024,November,Q4,Thursday,FALSE,FALSE,
20241122,11/22/2024,2024,November,Q4,Friday,FALSE,FALSE,
20241123,11/23/2024,2024,November,Q4,Saturday,TRUE,FALSE,
20241124,11/24/2024,2024,November,Q4,Sunday,TRUE,FALSE,
20241125,11/25/2024,2024,November,Q4,Monday,FALSE,FALSE,
20241126,11/26/2024,2024,November,Q4,Tuesday,FALSE,FALSE,
20241127,11/27/2024,2024,November,Q4,Wednesday,FALSE,FALSE,
20241128,11/28/2024,2024,November,Q4,Thursday,FALSE,FALSE,
20241129,11/29/2024,2024,November,Q4,Friday,FALSE,FALSE,
20241130,11/30/2024,2024,November,Q4,Saturday,TRUE,TRUE,
20241201,12/01/2024,2024,December,Q4,Sunday,TRUE,FALSE,
20241202,12/02/2024,2024,December,Q4,Monday,FALSE,FALSE,
20241203,12/03/2024,2024,December,Q4,Tuesday,FALSE,FALSE,
20241204,12/04/2024,2024,December,Q4,Wednesday,FALSE,FALSE,
20241205,12/05/2024,2024,December,Q4,Thursday,FALSE,FALSE,
20241206,12/06/2024,2024,December,Q4,Friday,FALSE,FALSE,
20241207,12/07/2024,2024,December,Q4,Saturday,TRUE,FALSE,
20241208,12/08/2024,2024,December,Q4,Sunday,TRUE,FALSE,
20241209,12/09/2024,2024,December,Q4,Monday,FALSE,FALSE,
20241210,12/10/2024,2024,December,Q4,Tuesday,FALSE,FALSE,
20241211,12/11/2024,2024,December,Q4,Wednesday,FALSE,FALSE,
20241212,12/12/2024,2024,December,Q4,Thursday,FALSE,FALSE,
20241213,12/13/2024,2024,December,Q4,Friday,FALSE,FALSE,
20241214,12/14/2024,2024,December,Q4,Saturday,TRUE,FALSE,
20241215,12/15/2024,2024,December,Q4,Sunday,TRUE,FALSE,
20241216,12/16/2024,2024,December,Q4,Monday,FALSE,FALSE,
20241217,12/17/2024,2024,December,Q4,Tuesday,FALSE,FALSE,
20241218,12/18/2024,2024,December,Q4,Wednesday,FALSE,FALSE,
20241219,12/19/2024,2024,December,Q4,Thursday,FALSE,FALSE,
20241220,12/20/2024,2024,December,Q4,Friday,FALSE,FALSE,
20241221,12/21/2024,2024,December,Q4,Saturday,TRUE,FALSE,
20241222,12/22/2024,2024,December,Q4,Sunday,TRUE,FALSE,
20241223,12/23/2024,2024,December,Q4,Monday,FALSE,FALSE,
20241224,12/24/2024,2024,December,Q4,Tuesday,FALSE,FALSE,
20241225,12/25/2024,2024,December,Q4,Wednesday,FALSE,FALSE,
20241226,12/26/2024,2024,December,Q4,Thursday,FALSE,FALSE,
20241227,12/27/2024,2024,December,Q4,Friday,FALSE,FALSE,
20241228,12/28/2024,2024,December,Q4,Saturday,TRUE,FALSE,
20241229,12/29/2024,2024,December,Q4,Sunday,TRUE,FALSE,
20241230,12/30/2024,2024,December,Q4,Monday,FALSE,FALSE,
20241231,12/31/2024,2024,December,Q4,Tuesday,FALSE,TRUE,
